,Month,Overview,Poster Path,Titles,Year
0,12,"Rey develops her newly discovered abilities with the guidance of Luke Skywalker, who is unsettled by the strength of her powers. Meanwhile, the Resistance prepares to do battle with the First Order.",/kOVEVeg59E0wsnXmF9nrh6OmWII.jpg,Star Wars: The Last Jedi,2017
1,11,"Fuelled by his restored faith in humanity and inspired by Superman's selfless act, Bruce Wayne and Diana Prince assemble a team of metahumans consisting of Barry Allen, Arthur Curry and Victor Stone to face the catastrophic threat of Steppenwolf and the Parademons who are on the hunt for three Mother Boxes on Earth.",/eifGNCSDuxJeS1loAXil5bIGgvC.jpg,Justice League,2017
2,04,"A young street magician is left to take care of his little sister after his mother's passing and turns to drug dealing in the Los Angeles party scene to keep a roof over their heads. When he gets into trouble with his supplier, his sister is kidnapped and he is forced to rely on both his sleight of hand and brilliant mind to save her.",/wridRvGxDqGldhzAIh3IcZhHT5F.jpg,Sleight,2017
3,09,"Set in a post-apocalyptic world, young Thomas is deposited in a community of boys after his memory is erased, soon learning they're all trapped in a maze that will require him to join forces with fellow “runners” for a shot at escape.",/coss7RgL0NH6g4fC2s5atvf3dFO.jpg,The Maze Runner,2014
4,03,Beatrice Prior must confront her inner demons and continue her fight against a powerful alliance which threatens to tear her society apart.,/6w1VjTPTjTaA5oNvsAg0y4H6bou.jpg,Insurgent,2015
5,07,"In the 28th century, Valerian and Laureline are special operatives charged with keeping order throughout the human territories. On assignment from the Minister of Defense, the two undertake a mission to Alpha, an ever-expanding metropolis where species from across the universe have converged over centuries to share knowledge, intelligence, and cultures. At the center of Alpha is a mysterious dark force which threatens the peaceful existence of the City of a Thousand Planets, and Valerian and Laureline must race to identify the menace and safeguard not just Alpha, but the future of the universe.",/jfIpMh79fGRqYJ6PwZLCntzgxlF.jpg,Valerian and the City of a Thousand Planets,2017
6,10,"In the post-apocalyptic future, reigning tyrannical supercomputers teleport a cyborg assassin known as the ""Terminator"" back to 1984 to kill Sarah Connor, whose unborn son is destined to lead insurgents against 21st century mechanical hegemony. Meanwhile, the human-resistance movement dispatches a lone warrior to safeguard Sarah. Can he stop the virtually indestructible killing machine?",/q8ffBuxQlYOHrvPniLgCbmKK4Lv.jpg,The Terminator,1984
7,05,Princess Leia is captured and held hostage by the evil Imperial forces in their effort to take over the galactic Empire. Venturesome Luke Skywalker and dashing captain Han Solo team together with the loveable robot duo R2-D2 and C-3PO to rescue the beautiful princess and restore peace and justice in the Empire.,/btTdmkgIvOi0FFip1sPuZI2oQG6.jpg,Star Wars,1977
8,08,"The last Gunslinger, Roland Deschain, has been locked in an eternal battle with Walter O’Dim, also known as the Man in Black, determined to prevent him from toppling the Dark Tower, which holds the universe together. With the fate of the worlds at stake, good and evil will collide in the ultimate battle as only Roland can defend the Tower from the Man in Black.",/i9GUSgddIqrroubiLsvvMRYyRy0.jpg,The Dark Tower,2017
9,01,"Caleb, a 26 year old coder at the world's largest internet company, wins a competition to spend a week at a private mountain retreat belonging to Nathan, the reclusive CEO of the company. But when Caleb arrives at the remote location he finds that he will have to participate in a strange and fascinating experiment in which he must interact with the world's first true artificial intelligence, housed in the body of a beautiful robot girl.",/btbRB7BrD887j5NrvjxceRDmaot.jpg,Ex Machina,2015
10,07,"Predominantly set during World War II, Steve Rogers is a sickly man from Brooklyn who's transformed into super-soldier Captain America to aid in the war effort. Rogers must stop the Red Skull – Adolf Hitler's ruthless head of weaponry, and the leader of an organization that intends to use a mysterious device of untold powers for world domination.",/vSNxAJTlD0r02V9sPYpOjqDZXUK.jpg,Captain America: The First Avenger,2011
11,07,"Nearly 10 years have passed since Sarah Connor was targeted for termination by a cyborg from the future. Now her son, John, the future leader of the resistance, is the target for a newer, more deadly terminator. Once again, the resistance has managed to send a protector back to attempt to save John and his mother Sarah.",/2y4dmgWYRMYXdD1UyJVcn2HSd1D.jpg,Terminator 2: Judgment Day,1991
12,09,"Dr. Ryan Stone, a brilliant medical engineer on her first Shuttle mission, with veteran astronaut Matt Kowalsky in command of his last flight before retiring. But on a seemingly routine spacewalk, disaster strikes. The Shuttle is destroyed, leaving Stone and Kowalsky completely alone-tethered to nothing but each other and spiraling out into the blackness of space. The deafening silence tells them they have lost any link to Earth and any chance for rescue. As fear turns to panic, every gulp of air eats away at what little oxygen is left. But the only way home may be to go further out into the terrifying expanse of space.",/uPxtxhB2Fy9ihVqtBtNGHmknJqV.jpg,Gravity,2013
13,05,"Bound for a remote planet on the far side of the galaxy, the crew of the colony ship 'Covenant' discovers what is thought to be an uncharted paradise, but is actually a dark, dangerous world – which has its sole inhabitant the 'synthetic', David, survivor of the doomed Prometheus expedition.",/zecMELPbU5YMQpC81Z8ImaaXuf9.jpg,Alien: Covenant,2017
14,05,"A team of explorers discover a clue to the origins of mankind on Earth, leading them on a journey to the darkest corners of the universe. There, they must fight a terrifying battle to save the future of the human race.",/ng8ALjSDhUmwLl7vtjUWIZNQSlt.jpg,Prometheus,2012
15,06,"Along with crime-fighting partner Robin and new recruit Batgirl, Batman battles the dual threat of frosty genius Mr. Freeze and homicidal horticulturalist Poison Ivy. Freeze plans to put Gotham City on ice, while Ivy tries to drive a wedge between the dynamic duo.",/79AYCcxw3kSKbhGpx1LiqaCAbwo.jpg,Batman & Robin,1997
16,08,"In a future where a failed global-warming experiment kills off most life on the planet, a class system evolves aboard the Snowpiercer, a train that travels around the globe via a perpetual-motion engine.",/oP0ZWr6MsaQ1TV7xvnZJMKSfz0H.jpg,Snowpiercer,2013
17,06,"Autobots and Decepticons are at war, with humans on the sidelines. Optimus Prime is gone. The key to saving our future lies buried in the secrets of the past, in the hidden history of Transformers on Earth.",/s5HQf2Gb3lIO2cRcFwNL9sn1o1o.jpg,Transformers: The Last Knight,2017
18,05,"Agents J (Will Smith) and K (Tommy Lee Jones) are back...in time. J has seen some inexplicable things in his 15 years with the Men in Black, but nothing, not even aliens, perplexes him as much as his wry, reticent partner. But when K's life and the fate of the planet are put at stake, Agent J will have to travel back in time to put things right. J discovers that there are secrets to the universe that K never told him - secrets that will reveal themselves as he teams up with the young Agent K (Josh Brolin) to save his partner, the agency, and the future of humankind.",/l9hrvXyGq19f6jPRZhSVRibTMwW.jpg,Men in Black 3,2012
19,04,"After a gentle alien becomes stranded on Earth, the being is discovered and befriended by a young boy named Elliott. Bringing the extraterrestrial into his suburban California house, Elliott introduces E.T., as the alien is dubbed, to his brother and his little sister, Gertie, and the children decide to keep its existence a secret. Soon, however, E.T. falls ill, resulting in government intervention and a dire situation for both Elliott and the alien.",/8htLKK03TJjKZOXJgihZCu8v0P.jpg,E.T. the Extra-Terrestrial,1982
20,06,"Bruce Banner, a genetics researcher with a tragic past, suffers massive radiation exposure in his laboratory that causes him to transform into a raging green monster when he gets angry.",/ogCQV6mnLtCJuiiHtMB83jvSRfY.jpg,Hulk,2003
21,06,"With only three weeks left in his three year contract, Sam Bell is getting anxious to finally return to Earth. He is the only occupant of a Moon-based manufacturing facility along with his computer and assistant, GERTY. When he has an accident however, he wakens to find that he is not alone.",/2tgl9q3ZaVQUfSsbftqhRxXCElB.jpg,Moon,2009
22,06,Scientists in the Antarctic are confronted by a shape-shifting alien that assumes the appearance of the people it kills.,/s5fH3GqFcHbi2F0NSBSh4KRNTc0.jpg,The Thing,1982
23,09,"In the near-future, Charlie Kenton is a washed-up fighter who retired from the ring when robots took over the sport. After Charlie's robot is trashed, he reluctantly teams up with his estranged son Max to rebuild and train an unlikely contender.",/drtXi58nN6P3zcoLh6wUlsZAYqh.jpg,Real Steel,2011
24,06,"When diabolical genius, Dr. Evil travels back in time to steal superspy Austin Powers's ‘mojo’, Austin must return to the swingin' '60s himself – with the help of American agent, Felicity Shagwell – to stop the dastardly plan. Once there, Austin faces off against Dr. Evil's army of minions and saves the world in his own unbelievably groovy way.",/yhg0l1Ddd2thQOSUUQx9jBrGI12.jpg,Austin Powers: The Spy Who Shagged Me,1999
25,07,"When an asteroid threatens to collide with Earth, NASA honcho Dan Truman determines the only way to stop it is to drill into its surface and detonate a nuclear bomb. This leads him to renowned driller Harry Stamper, who agrees to helm the dangerous space mission provided he can bring along his own hotshot crew. Among them is the cocksure A.J. who Harry thinks isn't good enough for his daughter, until the mission proves otherwise.",/coINnuCzcw5FMHBty8hcudMOBnO.jpg,Armageddon,1998
26,11,"Katniss Everdeen has returned home safe after winning the 74th Annual Hunger Games along with fellow tribute Peeta Mellark. Winning means that they must turn around and leave their family and close friends, embarking on a ""Victor's Tour"" of the districts. Along the way Katniss senses that a rebellion is simmering, but the Capitol is still very much in control as President Snow prepares the 75th Annual Hunger Games (The Quarter Quell) - a competition that could change Panem forever.",/Hn0KgefVEp0GkdTexS6gfKTMfi.jpg,The Hunger Games: Catching Fire,2013
27,01,"A post-apocalyptic tale, in which a lone man fights his way across America in order to protect a sacred book that holds the secrets to saving humankind.",/qL3FnEug9DyBcaBXVb0oT3DJMJu.jpg,The Book of Eli,2010
28,09,"In 2027, in a chaotic world in which humans can no longer procreate, a former activist agrees to help transport a miraculously pregnant woman to a sanctuary at sea, where her child's birth may help scientists save the future of humankind.",/gZ6i32Da76EUxta06GL2BxpC4Cn.jpg,Children of Men,2006
29,12,"David Aames has it all: wealth, good looks and gorgeous women on his arm. But just as he begins falling for the warmhearted Sofia, his face is horribly disfigured in a car accident. That's just the beginning of his troubles as the lines between illusion and reality, between life and death, are blurred.",/ujMy9P4VczTW9YSpAM31uqdOMpz.jpg,Vanilla Sky,2001
30,02,"A man struggles with memories of his past, including a wife he cannot remember, in a nightmarish world with no sun and run by beings with telekinetic powers who seek the souls of humans.",/yR7rapBFxBoBT0vkZQIXhLBr726.jpg,Dark City,1998
31,08,"Terminal Island, New York: 2020. Overcrowding in the US penal system has reached a breaking point. Prisons have been turned over to a monolithic Weyland Corporation, which sees jails full of thugs as an opportunity for televised sport. Adrenalized inmates, a global audience hungry for violence and a spectacular, enclosed arena come together to form the 'Death Race', the biggest, most brutal event.",/3dIZ049AxmvrvNiXKPc36YNum7g.jpg,Death Race,2008
32,08,"In a world where families are limited to one child due to overpopulation, a set of identical septuplets must avoid being put to a long sleep by the government and dangerous infighting while investigating the disappearance of one of their own.",/o6EsOqITcSzcdwD1zxBM9imdxjr.jpg,What Happened to Monday,2017
33,07,"Contact is a science fiction film about an encounter with alien intelligence. Based on the novel by Carl Sagan the film starred Jodie Foster as the one chosen scientist who must make some difficult decisions between her beliefs, the truth, and reality.",/yRF1qpaQPZJjiORDsR7eUHzSHbf.jpg,Contact,1997
34,02,"Three high school students make an incredible discovery, leading to their developing uncanny powers beyond their understanding. As they learn to control their abilities and use them to their advantage, their lives start to spin out of control, and their darker sides begin to take over.",/kdyrdFIt29FUmLIKvedAc2j4rpo.jpg,Chronicle,2012
35,06,"An antiterrorism agent goes under the knife to acquire the likeness of a terrorist and gather details about a bombing plot. When the terrorist escapes custody, he undergoes surgery to look like the agent so he can get close to the agent's family.",/q1i8QHiHZ1cukG5iOxai8pydmoa.jpg,Face/Off,1997
36,04,"A young tech worker takes a job at a powerful Internet corporation, quickly rises up the company's ranks, and soon finds herself in a perilous situation concerning privacy, surveillance and freedom. She comes to learn that her decisions and actions will determine the future of humanity.",/bQVqd5rWrx5GbXhJNuvKy4Viz6j.jpg,The Circle,2017
37,11,The human city of Zion defends itself against the massive invasion of the machines as Neo fights to end the war at another front while also opposing the rogue Agent Smith.,/sKogjhfs5q3azmpW7DFKKAeLEG8.jpg,The Matrix Revolutions,2003
38,09,"Five medical students, hoping to gain insight into the mystery of what lies beyond the confines of life, embark on a daring and dangerous experiment. By stopping their hearts for short periods of time, each triggers a near-death experience. As the investigation becomes more and more perilous, they are forced to confront the sins of their pasts, as well as contend with the paranormal consequences of trespassing to the other side.",/e9NHATN0TJW6ZZPLLWFsKdilVl1.jpg,Flatliners,2017
39,11,"After a violent storm, a dense cloud of mist envelops a small Maine town, trapping artist David Drayton and his five-year-old son in a local grocery store with other people. They soon discover that the mist conceals deadly horrors that threaten their lives, and worse, their sanity.",/uYVheUBf8ITaocUP4Og9GXxOMIH.jpg,The Mist,2007
40,06,"For centuries, a small but powerful force of warriors called the Green Lantern Corps has sworn to keep intergalactic order. Each Green Lantern wears a ring that grants him superpowers. But when a new enemy called Parallax threatens to destroy the balance of power in the Universe, their fate and the fate of Earth lie in the hands of the first human ever recruited.",/zUSEYp9G7Hk9GZIfbPoOiSHvwHV.jpg,Green Lantern,2011
41,07,"The story of humankind's last stand against a cataclysmic alien invasion. Set in the war-ravaged African countryside, a U.S. soldier and a French foreign aid worker team up to survive the alien onslaught. Their bond will be tested as they search for refuge across a crumbling world.",/aZNo4NCHdiJO9NWEtqUmrWooRIC.jpg,Revolt,2017
42,10,"In the middle of a routine patrol, officer Daniel Carter happens upon a blood-soaked figure limping down a deserted stretch of road. He rushes the young man to a nearby rural hospital staffed by a skeleton crew, only to discover that patients and personnel are transforming into something inhuman. As the horror intensifies, Carter leads the other survivors on a hellish voyage into the subterranean depths of the hospital in a desperate bid to end the nightmare before it's too late.",/nH1YZAL8IeIQEOm2ewi5ncpuPQG.jpg,The Void,2016
43,09,"Spanning over one thousand years, and three parallel stories, The Fountain is a story of love, death, spirituality, and the fragility of our existence in this world.",/lGIJvQ8ZQazOHVAA0E34yIy7gxv.jpg,The Fountain,2006
44,10,"Based on the classic novel by Orson Scott Card, Ender's Game is the story of the Earth's most gifted children training to defend their homeplanet in the space wars of the future.",/vuZ8uSqyOM5698yNraF7OJRM3mS.jpg,Ender's Game,2013
45,01,16-year-old Cassie Sullivan tries to survive in a world devastated by the waves of an alien invasion that has already decimated the population and knocked mankind back to the Stone Age.,/cgxEscv6TQRK6a514FwuJOjcqQ5.jpg,The 5th Wave,2016
46,12,"When some very creepy things start happening around school, the kids at Herrington High make a chilling discovery that confirms their worst suspicions: their teachers really are from another planet! As mind-controlling parasites rapidly begin spreading from the faculty to the students' bodies, it's ultimately up to the few who are left – an unlikely collection of loners, leaders, nerds and jocks – to save the world from alien domination.",/5Yk0Dh3OWYQOgjUObRgsfJ7U95.jpg,The Faculty,1998
47,01,"After an alien ship crash lands in a Russian city, many who see the inside and the occupants start to question their own existence while others demand the aliens leave Earth.",/2lz2GVDsgMlGYSzPl8BeKqqU7MQ.jpg,Attraction,2017
48,08,"Federation trooper Johnny Rico is ordered to work with a group of new recruits on a satellite station on Mars, where giant bugs have decided to target their next attack.",/dzqEq8Jbvb5SYGoYPqLyIRrt6Cm.jpg,Starship Troopers: Traitor of Mars,2017
49,10,"The giant, man-eating Graboids are back and even deadlier than before, terrorizing the inhabitants of a South African wildlife reserve as they attack from below-and above.",/6VsHLBuVaTKXSYHqdCCgZWIYvrp.jpg,Tremors 5: Bloodlines,2015
50,01,"Julian Michaels has designed the ultimate resort: VICE, where anything goes and the customers can play out their wildest fantasies with artificial inhabitants who look, think and feel like humans. When an artificial becomes self-aware and escapes, she finds herself caught in the crossfire between Julian's mercenaries and a cop who is hell-bent on shutting down Vice, and stopping the violence once and for all.",/gwiY5RJFYSjsoSwoeeo6AbGYjpb.jpg,Vice,2015
51,08,"When 9 first comes to life, he finds himself in a post-apocalyptic world. All humans are gone, and it is only by chance that he discovers a small community of others like him taking refuge from fearsome machines that roam the earth intent on their extinction. Despite being the neophyte of the group, 9 convinces the others that hiding will do them no good.",/iGMOQt6R88ZuJRtlfpqWRa5268h.jpg,9,2009
52,11,"When space galleon cabin boy Jim Hawkins discovers a map to an intergalactic ""loot of a thousand worlds,"" a cyborg cook named John Silver teaches him to battle supernovas and space storms. But, soon, Jim realizes Silver is a pirate intent on mutiny!",/yfcoA7q9n852yVnYa0VcAchgA72.jpg,Treasure Planet,2002
53,07,"The war against the Bugs continues! A Federation Starship crash-lands on the distant Alien planet OM-1, stranding beloved leader Sky Marshal Anoke and several others, including comely but tough pilot Lola Beck. It's up to Colonel/General Johnny Rico, reluctant hero of the original Bug Invasion on Planet P, to lead a team of Troopers on a daring rescue mission.",/1ZAnyXWOlY0oz1zXaLs0quogUD2.jpg,Starship Troopers 3: Marauder,2008
54,04,"Near a gray and unnamed city is the Zone, a place guarded by barbed wire and soldiers, and where the normal laws of physics are victim to frequent anomalies. A Stalker guides two men into the Zone, specifically to an area in which deep seeded desires are granted.",/lUE0Bp7wH0EterJ44qMRsqtKFnp.jpg,Stalker,1979
55,03,"In the year of 2039, after World Wars destroy much of the civilization as we know it, territories are no longer run by governments, but by corporations; the mightiest of which is the Mishima Zaibatsu. In order to placate the seething masses of this dystopia, Mishima sponsors Tekken, a tournament in which fighters battle until only one is left standing.",/jFhn4Xbfh5zxCw1UYctFpspxoUe.jpg,TEKKEN,2010
56,04,"Set in the near future, Lockout follows a falsely convicted ex-government agent , whose one chance at obtaining freedom lies in the dangerous mission of rescuing the President's daughter from rioting convicts at an outer space maximum security prison.",/rE1AMAaUVuzKcPwv3CR8KC0Pv0n.jpg,Lockout,2012
57,06,"Mulder and Scully, now taken off the FBI's X Files cases, must find a way to fight the shadowy elements of the government to find out the truth about a conspiracy that might mean the alien colonization of Earth.",/l3umPrC6vEOhv3yabewqLcRFTLO.jpg,The X Files,1998
58,07,"Six years after the events of The X-Files series finale, former FBI agent Doctor Dana Scully is now a staff physician at Our Lady of Sorrows, a Catholic hospital, and treating a boy named Christian who has Sandhoff disease, a terminal brain condition. FBI agent Drummy arrives to ask Scully’s help in locating Fox Mulder, the fugitive former head of the X-Files division, and says they will call off its manhunt for him if he will help investigate the disappearances of several women, including young FBI agent Monica Banan.  Mulder and Scully are called back to duty by the FBI when a former priest claims to be receiving psychic visions pertaining to a kidnapped agent.",/6IHiWSCS1tAqfxrwEXTJ9A1LD7R.jpg,The X Files: I Want to Believe,2008
59,01,"Looking for any way to get away from the life and town he was born into, Tripp, a high school senior, builds a Monster Truck from bits and pieces of scrapped cars. After an accident at a nearby oil-drilling site displaces a strange and subterranean creature with a taste and a talent for speed, Tripp may have just found the key to getting out of town and a most unlikely friend.",/2Vr47xEcWIik5qnaNjSVCKx1REm.jpg,Monster Trucks,2017
60,04,"Las Vegas showroom magician Cris Johnson has a secret which torments him: he can see a few minutes into the future. Sick of the examinations he underwent as a child and the interest of the government and medical establishment in his power, he lies low under an assumed name in Vegas, performing cheap tricks and living off small-time gambling ""winnings."" But when a terrorist group threatens to detonate a nuclear device in Los Angeles, government agent Callie Ferris must use all her wiles to capture Cris and convince him to help her stop the cataclysm.",/lYqsINoop9spG1FV4SjxXvcYfss.jpg,Next,2007
61,11,"In the year 2029, the barriers of our world have been broken down by the net and by cybernetics, but this brings new vulnerability to humans in the form of brain-hacking. When a highly-wanted hacker known as 'The Puppetmaster' begins involving them in politics, Section 9, a group of cybernetically enhanced cops, are called in to investigate and stop the Puppetmaster.",/9gC88zYUBARRSThcG93MvW14sqx.jpg,Ghost in the Shell,1995
62,02,A father and son go on the run after the dad learns his child possesses special powers.,/fqIjExm1RJEkbGPtMBXnP20MmHm.jpg,Midnight Special,2016
63,06,"On his latest expedition, Dr. Rick Marshall is sucked into a space-time vortex alongside his research assistant and a redneck survivalist. In this alternate universe, the trio make friends with a primate named Chaka, their only ally in a world full of dinosaurs and other fantastic creatures.",/tcb3yslo5U1iuubH34Eawp7qofr.jpg,Land of the Lost,2009
64,03,A quartet of mutated humanoid turtles clash with an uprising criminal gang of ninjas,/cok0SSxmD7fYeZj6l9XOr2mb0YL.jpg,Teenage Mutant Ninja Turtles,1990
65,12,"A sequel to 2004's Alien vs. Predator, the iconic creatures from two of the scariest film franchises in movie history wage their most brutal battle ever - in our own backyard. The small town of Gunnison, Colorado becomes a war zone between two of the deadliest extra-terrestrial life forms - the Alien and the Predator. When a Predator scout ship crash-lands in the hills outside the town, Alien Facehuggers and a hybrid Alien/Predator are released and begin to terrorize the town.",/xR4Mslyum7bjzAF1rlUX2HrlwhZ.jpg,Aliens vs Predator: Requiem,2007
66,07,"A distant Federation outpost Fort Casey comes under attack by bugs. The team on the fast attack ship Alesia is assigned to help the Starship John A. Warden stationed in Fort Casey evacuate along with the survivors and bring military intelligence safely back to Earth. Carl Jenkins, now ministry of Paranormal Warfare, takes the starship on a clandestine mission before its rendezvous with the Alesia and goes missing in the nebula. Now, the battle-hardened troopers are charged with a rescue mission that may lead to a much more sinister consequence than they ever could have imagined....",/3znAWfEzXzR1slLKc9VQwtD6XmD.jpg,Starship Troopers: Invasion,2012
67,01,"A troubled actor, a television show runner, and an acclaimed videogame designer find their lives intertwining in mysterious and unsettling ways.",/aGHzwUrgUUmPvWIhuzvvQVDkRfk.jpg,The Nines,2007
68,01,"The story revolves around a man trying to uncover the mysterious death of his girlfriend and save an innocent man from the death chamber in the process, by using his unique power to time travel. However in attempting to do this, he also frees a spiteful serial-killer.",/9LJfls07lQYeYctlbowaSgR4Rue.jpg,The Butterfly Effect 3: Revelations,2009
69,04,"Two leading computer scientists work toward their goal of Technological Singularity,  as a radical anti-technology organization fights to prevent them from creating a world where computers can transcend the abilities of the human brain.",/4eESVBvr7KEvPGUZVL5LDWsANda.jpg,Transcendence,2014
70,06,"After a successful deployment of the Robocop Law Enforcement unit, OCP sees its goal of urban pacification come closer and closer, but as this develops, a new narcotic known as ""Nuke"" invades the streets led by God-delirious leader Cane. As this menace grows, it may prove to be too much for Murphy to handle. OCP tries to replicate the success of the first unit, but ends up with failed prototypes with suicidal issues... until Dr. Faxx, a scientist straying away from OCP's path, uses Cane as the new subject for the Robocop 2 project, a living God.",/uJRmNEKXmpX1OSOP5u67MlSbfNx.jpg,RoboCop 2,1990
71,12,"This is a sequel to 2001 A Space Odyssey. It is now 2010 and both the Americans and the Russians are racing to get to Jupiter to investigate the black monolith (similar to the one found in Lunar Crater Clavius) which was found by the U.S.S. Discovery in orbit around Jupiter's moons. The U.S.S. Discovery's orbit is rapidly decaying and it will crash into IO but the Americans cannot get there in time to save U.S.S. Discovery. The Russians can get to Jupiter in time but only the Americans have the knowledge to access and awaken the U.S.S. Discovery's H.A.L.9000 sentient computer. This forces a joint American-Soviet space expedition against a backdrop of growing global tensions. The combined expedition is seeking answers to several mysteries. What is the significance of the black monolith? Why did H.A.L.9000 act so bizarrely and terminate 4 of 5 of the U.S.S. Discovery's crew? What happened to David Bowman? Along the way, curious data is detected  ...",/9Rcz2n16HEYRi2EKGliByP6ESYR.jpg,2010,1984
72,07,"Four everyday suburban guys come together as an excuse to escape their humdrum lives one night a week. But when they accidentally discover that their town has become overrun with aliens posing as ordinary suburbanites, they have no choice but to save their neighborhood - and the world - from total extermination.",/llVq0170tBmPCcqVuFnV7CilrLj.jpg,The Watch,2012
73,08,"A glowing orb terrorizes a young girl with a collection of stories of dark fantasy, eroticism and horror.",/aWDqK6EhzTRKE7WvZE737Fbeo9D.jpg,Heavy Metal,1981
74,10,"Elsa and Clive, two young rebellious scientists, defy legal and ethical boundaries and forge ahead with a dangerous experiment: splicing together human and animal DNA to create a new organism. Named ""Dren"", the creature rapidly develops from a deformed female infant into a beautiful but dangerous winged human-chimera, who forges a bond with both of her creators - only to have that bond turn deadly.",/2ERwnTksOfNnAyZFp6oUn3BSRqK.jpg,Splice,2009
75,03,"In the future, medical technology has advanced to the point where people can buy artificial organs to extend their lives. But if they default on payments, an organization known as the Union sends agents to repossess the organs. Remy is one of the best agents in the business, but when he becomes the recipient of an artificial heart, he finds himself in the same dire straits as his many victims.",/owCZCoKCutG7cf3Gu2ykrbfyRnl.jpg,Repo Men,2010
76,03,"The joke's on absent-minded scientist Wayne Szalinski when his troublesome invention shrinks him, his brother and their wives so effectively that their children think they've completely disappeared. Of course, this gives the kids free rein to do anything they want, unaware that their parents are watching every move.",/9QNAFB9apYxxGPa2F7BsiREMUA4.jpg,"Honey, We Shrunk Ourselves",1997
77,08,"Dr. Peyton Westlake is on the verge of realizing a major breakthrough in synthetic skin when his laboratory is destroyed by gangsters. Having been burned beyond recognition and forever altered by an experimental medical procedure, Westlake becomes known as Darkman, assuming alternate identities in his quest for revenge and a new life with a former love.",/hHEliLwA6NVJQUBKshzweG7GG1S.jpg,Darkman,1990
78,07,"In California, an old man grieves the loss of his wife and on the next day he also dies. However, the space soldier Eros and her mate Tanna use an electric device to resurrect them both and the strong Inspector Clay that was murdered by the couple. Their intention is not to conquest Earth but to stop mankind from developing the powerful bomb “Solobonite” that would threaten the universe. When the population of Hollywood and Washington DC sees flying saucers on the sky, a colonel, a police lieutenant, a commercial pilot, his wife and a policeman try to stop the aliens.",/tBkJps1poCnVqWbqNfVLgAbb8br.jpg,Plan 9 from Outer Space,1959
79,07,The Dynamic Duo faces four super-villains who plan to hold the world for ransom with the help of a secret invention that instantly dehydrates people.,/udDVJXtAFsQ8DimrXkVFqy4DGEQ.jpg,Batman,1966
80,02,"A zombie attack brings chaos to Harvardville Airport. Leon Kennedy and Claire Redfield , who fought the sinister Umbrella Corporation during the Raccoon City tragedy 7 years ago, are back. In high-octane Resident Evil style, they're ready to battle a rogue warrior who is seeking revenge after his family was killed in Raccoon City. The deadly G-Virus is unleashed and a new mutated monster rampages.",/vcduy3H9RelaER3F7jn7OGby1ws.jpg,Resident Evil: Degeneration,2008
81,04,A vacationing family encounters an alien threat in this pulse-pounding thriller based on the real-life Brown Mountain Lights phenomenon in North Carolina.,/vRP3IfrGCB0oXX5HubCkiNcwCcj.jpg,Alien Abduction,2014
82,09,"In an alternate universe where twinned worlds have opposite gravities, a young man battles interplanetary prejudice and the laws of physics in his quest to reunite with the long-lost girl of his dreams in this visually stunning romantic adventure that poses the question: what if love was stronger than gravity?",/jSPjz6sgbtGXvsKkAdb9Ucv8nUu.jpg,Upside Down,2012
83,03,"In the last moments of World War II, a secret Nazi space program evaded destruction by fleeing to the Dark Side of the Moon. During 70 years of utter secrecy, the Nazis construct a gigantic space fortress with a massive armada of flying saucers.",/4qyVtcCFqrlLMgHtlyxP57PI3ls.jpg,Iron Sky,2012
84,10,"4 would be astronauts spend 400 days in a land locked space simulator to test the psychological effects of deep space travel but, when something goes terribly wrong and they are forced to leave the simulation, they discover that everything on earth has changed. Is this real or is the simulation on a higher level than they could have ever imagined?",/gi1wfVjtJ0HlkuvvnPhv0yveyXO.jpg,400 Days,2015
85,11,"Astronauts search for solutions to save a dying Earth by searching on Mars, only to have the mission go terribly awry.",/sMholOUc89LQhp0X33JZExgxupB.jpg,Red Planet,2000
86,03,"A lethal virus spreads throughout the British isles,infecting millions and killing hundreds of thousands. To contain the threat, acting authorities brutally quarantine the country as it succumbs to fear and chaos. The quarantine is successful. Three decades later, the Reaper virus violently resurfaces in a major city. An elite group of specialists is urgently dispatched into the still-quarantined country to retrieve a cure by any means necessary. Shut off from the rest of the world, the unit must battle through a landscape that has become a waking nightmare.",/fTwyePFDgcJVCL02GndcnZT3mvt.jpg,Doomsday,2008
87,06,"Eight people embark on an expedition into the Congo, a mysterious expanse of unexplored Africa where human greed and the laws of nature have gone berserk. When the thrill-seekers -- some with ulterior motives -- stumble across a race of killer apes.",/wjeQaiAApgzdipkNXhQnBrqjBY9.jpg,Congo,1995
88,05,"Astronaut Brent is sent to rescue Taylor but crash lands on the Planet of the Apes, just like Taylor did in the original film. Taylor has disappeared into the Forbidden Zone so Brent and Nova try to follow and find him. He discovers a cult of humans that fear the Apes' latest military movements and finds himself in the middle. Tension mounts to a climactic battle between ape and man deep in the bowels of the planet.",/pWXyweaAoFoprRHm9Ft33JakiQB.jpg,Beneath the Planet of the Apes,1970
89,05,"One thousand years after cataclysmic events forced humanity's escape from Earth, Nova Prime has become mankind's new home. Legendary General Cypher Raige returns from an extended tour of duty to his estranged family, ready to be a father to his 13-year-old son, Kitai. When an asteroid storm damages Cypher and Kitai's craft, they crash-land on a now unfamiliar and dangerous Earth. As his father lies dying in the cockpit, Kitai must trek across the hostile terrain to recover their rescue beacon. His whole life, Kitai has wanted nothing more than to be a soldier like his father. Today, he gets his chance.",/d0vReo0jcMhBjCLYZAFqWHcb7Lj.jpg,After Earth,2013
90,03,A psychologist is sent to a space station orbiting a planet called Solaris to investigate the death of a doctor and the mental problems of cosmonauts on the station. He soon discovers that the water on the planet is a type of brain which brings out repressed memories and obsessions.,/nsGLKlwEOtqatz8yRdxOlAw5utr.jpg,Solaris,1972
91,07,"Based on the 1930's comic strip, puts the hero up against his arch enemy, Shiwan Khan, who plans to take over the world by holding a city to ransom using an atom bomb. Using his powers of invisibility and ""The power to cloud men's minds"", the Shadow comes blazing to the city's rescue with explosive results.",/uk2DdXqdGiFfF5PrvvadQHKES1o.jpg,The Shadow,1994
92,09,"When gigantic robots attack New York City, ""Sky Captain"" uses his private air force to fight them off. His ex-girlfriend, reporter Polly Perkins, has been investigating the recent disappearance of prominent scientists. Suspecting a link between the global robot attacks and missing men, Sky Captain and Polly decide to work together. They fly to the Himalayas in pursuit of the mysterious Dr. Totenkopf, the mastermind behind the robots.",/7tO8s7n6Hga2y0NIUT0aoGQelPG.jpg,Sky Captain and the World of Tomorrow,2004
93,03,Tara Markov is a girl who has power over earth and stone; she is also more than she seems. Is the newest Teen Titan an ally or a threat? And what are the mercenary Deathstroke's plans for the Titans?,/ut5F7z1U89zKz9GZAtbJHF7ljqV.jpg,Teen Titans: The Judas Contract,2017
94,08,"When astronaut Spencer Armacost returns to Earth after a mission that nearly cost him his life, he decides to take a desk job in order to see his beautiful wife, Jillian, more often. Gradually, Jillian notices that Spencer's personality seems to have changed, but her concerns fade when she discovers that she's pregnant. As Jillian grows closer to becoming a mother, her suspicions about Spencer return. Why does it seem as if he's a different person?",/2zm3a3453aWN078Qd6nIQngbEkM.jpg,The Astronaut's Wife,1999
95,11,"A city in Washington state awakens to the surreal sight of foreign paratroopers dropping from the sky - shockingly, the U.S. has been invaded and their hometown is the initial target. Quickly and without warning, the citizens find themselves prisoners and their town under enemy occupation. Determined to fight back, a group of young patriots seek refuge in the surrounding woods, training and reorganizing themselves into a guerrilla group of fighters. Taking inspiration from their high school mascot, they call themselves the Wolverines, banding together to protect one another, liberate their town from its captors, and take back their freedom.",/tNkIfqiuWFYCUIiyVblar8rB1GV.jpg,Red Dawn,2012
96,12,"Jimmy Neutron is a boy genius and way ahead of his friends, but when it comes to being cool, he's a little behind. All until one day when his parents, and parents all over Earth are kidnapped by aliens, it's up to him to lead all the children of the world to rescue their parents.",/l8p1fcUaqGJJMvPFtnXC2Uz079f.jpg,Jimmy Neutron: Boy Genius,2001
97,09,"In the future, an oppressive government maintains control of public opinion by outlawing literature and maintaining a group of enforcers known as ""firemen"" to perform the necessary book burnings. Fireman Montag begins to question the morality of his vocation. Curious about the world of books, he soon falls in love with a beautiful young member of a pro-literature underground - and with literature itself.",/bikkYoOBmvFjcB5P5QcRWebSWRe.jpg,Fahrenheit 451,1966
98,05,"On an island off the coast of North America, local residents simultaneously fight a zombie epidemic while hoping for a cure to return their un-dead relatives back to their human state.",/oGTMVwgQqwyJxJ841MNmVzoUgRg.jpg,Survival of the Dead,2010
99,04,"Computer scientist Hannon Fuller has discovered something extremely important. He's about to tell the discovery to his colleague, Douglas Hall, but knowing someone is after him, the old man leaves a letter in his computer generated parallel world that's just like the 30's with seemingly real people with real emotions.",/7cm1xHOkzcqo2ienFgTl17qa35U.jpg,The Thirteenth Floor,1999
100,03,"On a romantic getaway to Iceland, a young American couple wake up one morning to discover every person on Earth has disappeared. Their struggle to survive and to reconcile the mysterious event lead them to reconsider everything they know about themselves and the world.",/cedeEgSeKpsFZH9z9LgWbEqILlW.jpg,Bokeh,2017
101,03,"The Turtles and the Shredder battle once again, this time for the last cannister of the ooze that created the Turtles, which Shredder wants to create an army of new mutants.",/HD4LtUw4Ono9tzgwWOhHpHcjkj.jpg,Teenage Mutant Ninja Turtles II: The Secret of the Ooze,1991
102,11,"When strange lights descend on the city of Los Angeles, people are drawn outside like moths to a flame where an extraterrestrial force threatens to swallow the entire human population off the face of the Earth. Now the band of survivors must fight for their lives as the world unravels around them.",/AdadT2HuwHkYWxbzme4QP77M6Wt.jpg,Skyline,2010
103,03,"Survivors of a nuclear attack are grouped together for days in the basement of their apartment building, where fear and dwindling supplies wear away at their dynamic.",/rmENz2ulMToAhVk3qWwmNVl6uoO.jpg,The Divide,2011
104,09,A group of young film students run into real-life zombies while filming a horror movie of their own.,/wQ08zkWwKmOPJSwaeHTJwxDEh2I.jpg,Diary of the Dead,2007
105,06,"A group of scientists have developed the Resonator, a machine which allows whoever is within range to see beyond normal perceptible reality. But when the experiment succeeds, they are immediately attacked by terrible life forms.",/y8ZkUtrWyMpCVBsmsamwCYm8HjK.jpg,From Beyond,1986
106,11,"Set in the ghettos of Paris in 2010, an undercover cop and ex-thug try to infiltrate a gang in order to defuse a neutron bomb.",/4mxGgU8aUxjjv1E0Zoww061WdWB.jpg,District B13,2004
107,09,"Immortals Connor and Duncan Macleod join forces against a man from Connor's distant past in the highlands of Scotland, Kell, an immensely powerful immortal who leads an army of equally powerful and deadly immortal swordsmen and assassins. No immortal alive has been able to defeat Kell yet, and neither Connor nor Duncan are skilled enough themselves to take him on and live. The two of them eventually come to one inevitable conclusion; one of them must die so that the combined power of both the Highlanders can bring down Kell for good. There can be only one... the question is, who will it be?",/fmDt68Pj9OiR3pfvNL9qkuhKvi2.jpg,Highlander: Endgame,2000
108,02,"Enzo Ceccotti comes into contact with a radioactive substance, then accidently discovers he has superpowers. A touchy, navel-gazing introvert, he’s sure his new capabilities will do wonders for his life of crime, but that all changes when he meets Alessia, who’s convinced he’s the hero from the famous Japanese comic strip, Steel Jeeg Robot.",/hHgsvMPhGQ5T7kJsSezQHBjGDBp.jpg,They Call Me Jeeg Robot,2016
109,07,"In this mind-bending 'Sci-Fi Noir' a daring physicist folds time to travel into the past, trying to stop a mysterious woman from stealing his invention. But once there, he uncovers a surprising truth about the machine, the woman, and his own fractured reality.",/xdX3j9BEmhEIYIIOHWPjdgwXcrs.jpg,Synchronicity,2015
110,09,"A futuristic 'Brief Encounter', a love story in which the romance is doomed by genetic incompatibility.",/lOEo7iG0FV6mxpvl8IQoSvsGSC3.jpg,Code 46,2003
111,06,"Ren Amari is the driven inventor of a revolutionary new drug. OtherLIfe expands the brain's sense of time and creates virtual reality directly in the user's mind. With OtherLife, mere seconds in real life feel like hours or days of exciting adventures. As Ren and her colleagues race around the clock to launch OtherLife, the government muscles in to use the drugs as a radical solution to prison overcrowding. They will create virtual cells where criminals serve long sentences in just minutes of real time. When Ren resists, she finds herself an unwilling guinea pig trapped in a prison cell in her mind. She must escape before she descends into madness, and then regain control of OtherLife before others suffer the same fate.",/stSDsKsb4fS6NPzuHwfAWD2jim8.jpg,OtherLife,2017
112,10,"Colonel Reynolds and his group of government scientists continue their work on re-animating the dead for military use. His son Curt uses a stolen security pass to sneak in with his thrill-seeking girlfriend Julie, with shocking, deadly results!",/gUJQ7akANEwV5R2IGrCPIUM6iMw.jpg,Return of the Living Dead 3,1993
113,09,Space Pirate Captain Harlock and his fearless crew face off against the space invaders who seek to conquer the planet Earth.,/lB3movQFEgRZQWeZtCceLhUiIQj.jpg,Space Pirate Captain Harlock,2013
114,07,"When missile technology is used to enhance toy action figures, the toys soon begin to take their battle programming too seriously.",/l5laJWvcxgkoqC3nRPs9N5u55jR.jpg,Small Soldiers,1998
115,12,2 buddy farmers are visited by aliens who like their domestic cabbage soup.,/prCMO4jBQ2O82QNxw9thpYZ73gq.jpg,Cabbage Soup,1981
116,06,"Aiming to defeat the Man of Steel, wealthy executive Ross Webster hires bumbling but brilliant Gus Gorman to develop synthetic kryptonite, which yields some unexpected psychological effects in the third installment of the 1980s Superman franchise. Between rekindling romance with his high school sweetheart and saving himself, Superman must contend with a powerful supercomputer.",/pDjfBk3YkdvRK2VERvoHaXJdNxF.jpg,Superman III,1983
117,03,"When the Punisher takes out a black-market weapons dealer, he stumbles upon a far-reaching terrorist plot devised by a group known as Leviathan.",/6zBkbmqB857edSNt08fJpv1Tqqt.jpg,Avengers Confidential: Black Widow & Punisher,2014
118,10,Agent Coulson stops at a convenience store and deals with a coincidental robbery during his visit.,/kfuXG19tj2Z5ViaHpu9cCMV4XiB.jpg,Marvel One-Shot: A Funny Thing Happened on the Way to Thor's Hammer,2011
119,11,Futuristic action about a man who meets a clone of himself and stumbles into a grand conspiracy about clones taking over the world.,/6pBUekwhnjW99V0cLphx7dZE2Wx.jpg,The 6th Day,2000
120,07,"With enormous cone-shaped heads, robotlike walks and an appetite for toilet paper, aliens Beldar and Prymatt don't exactly blend in with the population of Paramus, N.J. But for some reason, everyone believes them when they say they're from France! As the odd ""Saturday Night Live"" characters settle into middle-class life in this feature-length comedy, a neighbor admires their daughter.",/9vuFI0xV1yZfsWr23evJlkRDL8j.jpg,Coneheads,1993
121,06,A former soldier is taken captive and awakens in the back of a van where he learns that he only has less than 10 minutes to figure out how he got there.,/7STXBkSO5WEVF98B3ZOXanKMNK6.jpg,The Anomaly,2014
122,08,"Adventurer/surgeon/rock musician Buckaroo Banzai and his band of men, the Hong Kong Cavaliers, take on evil alien invaders from the 8th dimension.",/zaIvuZWPtmyQvsYMeLtox4vTlD2.jpg,The Adventures of Buckaroo Banzai Across the 8th Dimension,1984
123,06,"Weird yummy goo erupts from the earth and is discovered by a couple of miners. They taste it and decide to market it because it tastes so good. The American public literally eats up the new dessert sensation now known as the Stuff but, unfortunately, it takes over the brains of those who eat it, turning them into zombie-like creatures. It is up to ex-FBI agent David Rutherford and a kid named Jason to stop the spread of the mind-devouring dessert.",/n18VCF6QdiQHOxD0ABOq0Vg80Pc.jpg,The Stuff,1985
124,08,"The Law Enforcement Technology Advancement Centre (LETAC) has developed SID version 6.7: a Sadistic, Intelligent, and Dangerous virtual reality entity which is synthesized from the personalities of more than 150 serial killers, and only one man can stop him.",/7vdg9lA1un8TrNLlLKsaQtVqs4a.jpg,Virtuosity,1995
125,08,Melanie Ballard (Natasha Henstridge) is a hard nosed police chief in the year 2025. She and a police snatch squad are sent to Mars to apprehend a dangerous criminal James Williams (Ice Cube). Mars has been occupied by humans for some time and they have set up mining facilities. The mining activities on Mars have unleashed the spirits of alien beings who gradually possess the bodies of the workers. It soon turns out that catching the dangerous fugitive takes a back seat as the alien spirits begin to rid their planet of the 'invaders'.,/rBmkaKxRg55zBZr11EGbedFJM0.jpg,Ghosts of Mars,2001
126,01,"Susan is a scientist searching for answers to important questions. So important that she has given up on other things, like love - until she meets Micheal. Susan and Michael find themselves embarking on a sensual adventure while the world around them seems to be falling apart. A life-affirming look at what it means to love and be loved in turbulent times.",/auGreFF58MJW6r6UzJCvHA8mVBc.jpg,Perfect Sense,2011
127,01,"Ti, a really poor construction worker that struggles to keep his son, Dicky, in private school, mistakes an orb he finds in a junkjard for a toy which proves to be much, much more once the young boy starts to play with it.",/5DrPz0jRTMMnUxEOtI0t7j4DooT.jpg,CJ7,2008
128,09,"After a top-secret experiment misfires, a scientist may be the only man left alive in the world.",/2vDhMUGRDg0jkUYR5L9DQSG0vBh.jpg,The Quiet Earth,1985
129,08,"The world of Eternia in the aftermath of Skeletor's war on Castle Grayskull, which he has won after seizing Grayskull and the surrounding city using a cosmic key developed by the locksmith Gwildor. The Sorceress is now Skeletor's prisoner and he begins to drain her life-force as he waits for the moon of Eternia to align with the Great Eye of the Universe that will bestow god-like power upon him.",/jzU5dXnx4tVRIA9DJjR4b7LFsel.jpg,Masters of the Universe,1987
130,09,"This animated short revolves around the events causing an electrical systems failure on the west coast of the US. According to Blade Runner 2049’s official timeline, this failure leads to cities shutting down, financial and trade markets being thrown into chaos, and food supplies dwindling. There’s no proof as to what caused the blackouts, but Replicants — the bio-engineered robots featured in the original Blade Runner, are blamed.",/zzRjnUOVXyjp2WudgT7KxJLYh9D.jpg,Blade Runner: Black Out 2022,2017
131,09,"Six children genetically cross-bred with avian DNA, complete with wings, take flight around the country to discover their origins.",/8j9MhnsdM8MB9wXjDWYRCIyR8i7.jpg,Maximum Ride,2016
132,09,"Zero (Wagner Moura) is a brilliant scientist, but unfortunate because 20 years ago was publicly humiliated and lost in college Helena (Alinne Moraes) the love of his life. One day, an accidental experience with one of his inventions makes him travel in time, more precisely, to the past. After the chance to change his story, Zero returns to this totally changed.",/p1h0I931sGc8g8iXFR6VjZdiNwM.jpg,The Man from the Future,2011
133,05,Admiral Kirk and his bridge crew risk their careers stealing the decommissioned Enterprise to return to the restricted Genesis planet to recover Spock's body.,/b9ZaPiD6AaZR7CgQP5P4Kg893QL.jpg,Star Trek III: The Search for Spock,1984
134,04,The son of a retired astronaut competes to win a seat on the next space shuttle.,/4zMYymKiY2EZZOIfhe6ZpUPDRx6.jpg,Space Warriors,2013
135,11,"In the year 2074, the cybernetics market is dominated by two rival companies: USA's Pinwheel Robotics and Japan's Kobayashi Electronics. Cyborgs are commonplace, used for anything from soldiers to prostitutes. Casella Reese is a prototype cyborg developed for corporate espionage and assassination. She is filled with a liquid explosive called Glass Shadow. Pinwheel plans to eliminate the entire Kobayashi board of directors by using Casella",/vlHIw2xnT0RdSTPwjcGhs78oz8u.jpg,Cyborg 2,1993
136,07,"A freak hurricane hits Los Angeles, causing man-eating sharks to be scooped up in tornadoes and flooding the city with shark-infested seawater. Surfer and bar-owner Fin sets out with his friends Baz and Nova to rescue his estranged wife April and teenage daughter Claudia.",/6nxewN7l5XGxDqCcGkLaXJ3ljdz.jpg,Sharknado,2013
137,07,"Fans of Adult Swim's ""Robot Chicken"" and the Star Wars movie franchise won't want to miss this collection of 30 sketches. This hilarious compilation features an array of skits -- such as ""Darth Vader's Collect Call"" and ""Inside the AT-AT"" -- as well as the incredible voice talents of Hulk Hogan, Malcolm McDowell, Conan O'Brien and even the original Luke Skywalker himself, Mark Hamill.",/kWKspQ7YiQ82xXM1jVbIbqh5OyV.jpg,Robot Chicken: Star Wars,2007
138,01,"Earth has been conquered by robots from another galaxy and the human survivors must stay in their homes, or risk incineration.",/9gza49pO2avFcqcpn9qsRUD012e.jpg,Robot Overlords,2015
139,05,An undercover cop in a not-too-distant future becomes involved with a dangerous new drug and begins to lose his own identity as a result.,/wS0QhF2RTwap84BKGr9hKHzNAMx.jpg,A Scanner Darkly,2006
140,10,"When Scooby and the gang get trapped in a video game created for them, they must fight against the 'Phantom Virus'. To escape the game they must go level by level and defeat the game once and for all.",/poAzQ1fRYTsTDYYKuQBXCrP28qG.jpg,Scooby-Doo! and the Cyber Chase,2001
141,09,"An officer for a security agency that regulates time travel, must fend for his life against a shady politician who has a tie to his past.",/jCuhVKfj0vvR7iH8D5Aa0Q1ZX8e.jpg,Timecop,1994
142,02,"Dae-ho, an investigative journalist, seeks to track down the whereabouts of his son who was abducted three years ago. With the help of a detective and a psychiatrist friend, he will retrace his memory of the incident through the use of lucid dreaming techniques.",/kFNCZo3ME1q83x6AfkSdhGZZOUG.jpg,Lucid Dream,2017
143,04,"When a sprite named Crysta shrinks a human boy, Zak, down to her size, he vows to help the magical fairy folk stop a greedy logging company from destroying their home, the pristine rainforest known as FernGully. Zak and his new friends fight to defend FernGully from lumberjacks -- and the vengeful spirit they accidentally unleash after chopping down a magic tree.",/gU2TbLTJ2s0aL5OsPuYQgZR8y3A.jpg,FernGully: The Last Rainforest,1992
144,07,"Officially, Apollo 17 was the last manned mission to the moon. But a year later in 1973, three American astronauts were sent on a secret mission to the moon funded by the US Department of Defense. What you are about to see is the actual footage which the astronauts captured on that mission. While NASA denies it's authenticity, others say it's the real reason we've never gone back to the moon.",/xmvkYqK28ds9JM4gyBJCSoYpm9T.jpg,Apollo 18,2011
145,11,"Starts off in the 15th century, with Connor McLeod (Christopher Lambert) training with another immortal swordsman, the Japanese sorcerer Nakano (Mako). When an evil immortal named Kane (Mario Van Peebles) kills the old wizard, the resulting battle leaves him buried in an underground cave. When Kane resurfaces in the 20th century to create havoc, it's up to McLeod to stop him.",/8ZeckjmtObR3QPjzSm4X656vFS2.jpg,Highlander: The Final Dimension,1994
146,08,Fin and his wife April travel around the world to save their young son who's trapped inside a sharknado.,/tChGHX3tMRkXEiiojoJZ3Vsmlcf.jpg,Sharknado 5: Global Swarming,2017
147,12,"When a chance encounter brings together the cynical Dell and the quick-witted Kimberly, the stage is set for a tempestuous love affair that unfolds like a puzzle. As the film zigzags back and forth in time-from a meteor shower in LA, to an encounter in a Paris hotel room, to a fateful phone call-an unforgettable portrait of a relationship emerges.",/fzETOwCLIQTSHpqlxX5AeEvO05P.jpg,Comet,2014
148,12,"When their beloved school is threatened with closure should the powers that be fail to raise the proper funds, the girls scheme to steal a priceless painting and use the profits to pull St. Trinian's out of the red.",/7WkJDzTqWaw2j57Yx1KvoIb5eWA.jpg,St. Trinian's,2007
149,04,"In an overpopulated futuristic Earth, a New York police detective finds himself marked for murder by government agents when he gets too close to a bizarre state secret involving the origins of a revolutionary and needed new foodstuff.",/tIQVty3lbBzwuLemEDQic1Axfbd.jpg,Soylent Green,1973
150,12,"In a mysterious and remote snowy outpost, Matt and Potter share a Christmas meal, swapping creepy tales of their earlier lives in the outside world, but are both men who they appear to be?",/he609rnU3tiwBjRklKNa4n2jQSd.jpg,Black Mirror: White Christmas,2014
151,08,"After a battle in a power plant, Ben notices something strange is happening with the omnitrix, but doesn't tell anyone. Tetrax arrives, and tells them the omnitrix is broadcasting a self destruct signal. Tetrax and Ben go to find the creator of the omnitrix to fix the omnitrix before it destroys itself and the universe along with it. Gwen stows away to help her cousin.",/vOCDT3eHgJkRE2fMpIsplcFlW59.jpg,Ben 10: Secret of the Omnitrix,2007
152,07,"An ordinary man sees a bright light descend from the sky, and discovers he now has super-intelligence and telekinesis.",/gsmwDAtdxAUzVyELzvdRavqqVYN.jpg,Phenomenon,1996
153,12,"Leslie Zevo is a fun-loving inventor who must save his late father's toy factory from his evil uncle, Leland, a war-mongering general who rules the operation with an iron fist and builds weapons disguised as toys.",/xWQ8ONckSDgy0OXJyDq5hVhuxgP.jpg,Toys,1992
154,01,"In 1980, the US Navy's most powerful warship, the USS Nimitz, is caught in a storm during routine manoeuvres in the Pacific. Enveloped by a strange green light, the ship passes through a vortex and when they emerge, their communications have been cut off. The ship's Captain (Kirk Douglas) sends out a patrol and the F-14 pilots are shocked to encounter vintage Japanese warplanes.",/4TL97w3r2QdiFA4gzfbC4o8ZpgZ.jpg,The Final Countdown,1980
155,02,"News producer, Tim O'Hara gets himself fired for unwillingly compromising his bosses' daughter during a live transmission. A little later, he witnesses the crashing of a small Martian spacecraft, realizing his one-time chance of delivering a story that will rock the earth. Since Tim took the original but scaled-down spaceship with him, the Martian follows him to retrieve it.",/k1wWEHxXLTHXjiBghhPqDYRBuDn.jpg,My Favorite Martian,1999
156,09,"A nomadic 16th century warrior, condemned to hell for his brutal past, seeks redemption by renouncing violence, but finds some things are worth burning for as he fights to free a young Puritan woman from the grip of evil.",/n5SHBE4ulsDDVa9gYttUYwp1VZU.jpg,Solomon Kane,2009
157,05,"When a hunter sent back to the prehistoric era runs off the path he must not leave, he causes a chain reaction that alters history in disastrous ways.",/gsqOX1ReJ5lcmTuDdkhOXLug8Ug.jpg,A Sound of Thunder,2005
158,07,"The visionary dreams of three curious and adventuresome young boys become an exciting reality in Explorers, the action-fantasy from director Joe Dante, who combines keen humor, warmth and fantasy with unexpected twists. In their makeshift laboratory, the boys use an amazing discovery and their ingenuity to build their own spaceship and launch themselves on a fantastic interplanetary journey.",/bvvZKGyD30S4smjRVqikGe8ICFa.jpg,Explorers,1985
159,07,"Mike, after his release from a psychiatric hospital, teams up with his old pal Reggie to hunt down the Tall Man, who is at it again. A mysterious, beautiful girl has also become part of Mike's dreams, and they must find her before the Tall Man does.",/fv1yEUmt0LgNcOjqcBPPmezEZdo.jpg,Phantasm II,1988
